"sku","ps_url","cost","supplier"
"1707","costume-/11-costume-cuisiniere.html","17.370000","G2to"
" 83946","costume-/488-halloween-costume-squelette.html","38.240000","Starnet"
" 83956","costume-/424-halloween-la-marie-morte-qui-sort-de-la-tombe.html","30.580000","Starnet"
" 83974","costume-/490-costume-sorciere-tenebreuse.html","45.880000","Starnet"
" A1056","perruques/429-noeud-gaga.html","9.720000","Starnet"
"1052","accesoires/592-bas-suspendus-gros-pois.html","7.290000","Starnet"
"1058","accesoires/593-bas-noir-noeuds-rubans.html","5.260000","Starnet"
"1509","accesoires/455-bas-noel-douceur-de-nuage.html","6.890000","Starnet"
"1603","costume-/76-ensemble-lapin.html","8.160000","G2to"
"1605","costume-/80-costume-pilote-racing.html","10.250000","G2to"
"1606","costume-/79-combinaison-short-racing.html","9.330000","G2to"
"1607","costume-/115-body-mistigri.html","7.940000","G2to"
"1611XL","costume-/140-robe-racing.html","11.140000","G2to"
"1616XL","grandes-tailles/43-robe-infirmiere.html","13.900000","G2to"
"1618","costume-/59-ensemble-soubrette.html","6.900000","G2to"
"1620","costume-/64-ensemble-police.html","8.200000","G2to"
"1623","costume-/40-ensemble-d-infirmiere.html","6.440000","G2to"
"1629","costume-/86-ensemble-sport-sexy.html","7.330000","G2to"
"1632","costume-/84-ensemble-sport-sexy.html","11.720000","G2to"
"1633","costume-/85-ensemble-sport-sexy.html","8.200000","G2to"
"1634","costume-/87-ensemble-sport-sexy.html","9.960000","G2to"
"1635","costume-/94-costume-ecoliere.html","16.440000","G2to"
"1636","costume-/93-costume-ecoliere.html","14.960000","G2to"
"1637","costume-/92-costume-ecoliere.html","16.340000","G2to"
"1641","costume-/102-costume-matelot.html","17.080000","G2to"
"1642","costume-/103-costume-matelot-pantalon.html","19.330000","G2to"
"1648","costume-/67-costume-de-policiere.html","15.840000","G2to"
"1649","costume-/66-costume-de-policiere.html","19.830000","G2to"
"1651","costume-/141-costume-policier.html","18.900000","G2to"
"1657","costume-/135-costume-charlotte-aux-fraises.html","27.910000","G2to"
"1659","costume-/117-costume-gangster.html","29.250000","G2to"
"1663","costume-/99-costume-matelot.html","15.420000","G2to"
"1665","costume-/61-costume-policier.html","26.380000","G2to"
"1667","costume-/134-costume-romain.html","35.190000","G2to"
"1669","costume-/41-ensemble-d-infirmiere.html","10.890000","G2to"
"1676","costume-/114-ensemble-kittycat.html","27.240000","G2to"
"1677","costume-/113-costume-pussycat.html","20.220000","G2to"
"1679","costume-/110-costume-pussycat.html","24.650000","G2to"
"1693","costume-/68-costume-de-policiere.html","24.210000","G2to"
"1694","costume-/100-costume-matelot.html","19.860000","G2to"
"1697","costume-/95-costume-ecoliere.html","9.930000","G2to"
"1701XL","costume-/138-costume-de-mariage.html","23.400000","G2to"
"1717","costume-/70-nuisette-rabbit.html","11.580000","G2to"
"1719","costume-/90-costume-ecoliere.html","14.490000","G2to"
"1722L","costume-/97-costume-ecoliere.html","11.450000","G2to"
"1723","costume-/33-costume-de-diablesse.html","17.160000","G2to"
"1751","costume-/88-combinaison-short-racing.html","17.520000","G2to"
"1753","costume-/89-combinaison-short-racing.html","22.390000","G2to"
"1756","costume-/143-costume-de-policiere.html","16.020000","G2to"
"2031","accesoires/445-mitaines-arc-en-ciel.html","4.050000","Starnet"
"2035","accesoires/318-ailes-de-fee.html","16.200000","Starnet"
"2040","accesoires/319-kit-cupidon.html","16.200000","Starnet"
"2055","accesoires/436-mitaines-courtes-tete-de-mort.html","4.050000","Starnet"
"2057","accesoires/430-chapeau-de-pirate.html","14.750000","Starnet"
"2060","accesoires/431-chapeau-mini-haut-de-forme-poker.html","10.530000","Starnet"
"2066","accesoires/437-mitaines-longue-tete-de-mort.html","6.600000","Starnet"
"2068","accesoires/320-ailes-de-fee.html","13.770000","Starnet"
"2069","accesoires/321-ailes-de-fee.html","10.850000","Starnet"
"2070","accesoires/322-ailes-de-fee.html","20.410000","Starnet"
"2078","accesoires/352-chapeau-de-pirate-style.html","14.580000","Starnet"
"2078","accesoires/432-chapeau-de-pirate-style.html","14.580000","Starnet"
"2090","accesoires/438-gants-noir-1-doigt-imprimes-toile-d-araignee.html","2.350000","Starnet"
"2096","masques-et-loups/434-masque-doux-regard.html","4.860000","Starnet"
"2098","accesoires/357-chapeau-facon-cape-et-d-epee.html","14.580000","Starnet"
"2099","accesoires/353-chapeau-de-pirate.html","13.200000","Starnet"
"2099","costume-/471-costume-mere-noel.html","16.570000","G2to"
"2102","accesoires/396-mini-haut-de-forme.html","12.960000","Starnet"
"2105","accesoires/439-mitaines-filet.html","2.430000","Starnet"
"2106","accesoires/323-ailes-spider.html","16.200000","Starnet"
"2114","accesoires/446-mitaine-filet-araignee.html","4.450000","Starnet"
"2128","accesoires/440-mitaines-lacets-noir-et-blanc.html","9.750000","Starnet"
"2129","accesoires/442-mitaine-rouge-et-noire-en-resille-facon-corset.html","6.060000","Starnet"
"2135","accesoires/583-chapeau-mini-haut-de-forme-deco-rose-.html","12.960000","Starnet"
"2136","accesoires/324-ailes-papillon.html","12.960000","Starnet"
"2137","accesoires/443-mini-gants-en-satin.html","6.480000","Starnet"
"2144","accesoires/447-hallowenn-mitaines-squelette.html","8.100000","Starnet"
"28108","costume-/480--bikini-miss-color.html","19.440000","Starnet"
"28109","costume-/515-robe-strappy-mangamania.html","12.960000","Starnet"
"31029","costume-/457-costume-de-noel-douce-tradition.html","30.620000","Starnet"
"31047","costume-/459-corset-de-noel-en-satin.html","32.080000","Starnet"
"3153L","costume-/54-costume-soubrette.html","14.100000","G2to"
"3907","accesoires/444-mitaines-poker.html","4.650000","Starnet"
"3934","accesoires/516-jambieres-flashy-explosives.html","19.900000","Starnet"
"5028-ANNA","accesoires/558-bottes-talons-anna.html","55.400000","Starnet"
"5034-COSMIC","accesoires/554-bottes-talons-cosmic.html","46.660000","Starnet"
"53004","costume-/338-costume-madhatter.html","41.300000","Starnet"
"53015","costume-/388-costume-reine-des-vampires.html","35.770000","Starnet"
"53035","costume-/234-costume-go-go-girl.html","24.790000","Starnet"
"53037","costume-/245-costume-goldi.html","33.050000","Starnet"
"53046","costume-/246-costume-ecoliere.html","24.300000","Starnet"
"53063","costume-/398-costume-joueuse-de-baseball.html","38.240000","Starnet"
"53071","costume-/399-costume-arbitre.html","29.160000","Starnet"
"53077","costume-/269-costume-de-princesse-indienne.html","44.340000","Starnet"
"53081","costume-/249-costume-charlotte-aux-fraises.html","38.230000","Starnet"
"53093","costume-/570-costume-reine-du-nil.html","55.820000","Starnet"
"53205","costume-/235-costume-gitane.html","42.060000","Starnet"
"53209","costume-/350-costume-pirate.html","34.990000","Starnet"
"6002","accesoires/594-bas-violine-emeraude.html","3.080000","Starnet"
"6008","accesoires/596-bas-fantaisie-bas-amour-de-rayures-noir-et-blanc.html","3.500000","Starnet"
"6110","accesoires/597-bas-fantaisie-bas-tiger-bas-raye-noir-et-blanc.html","2.840000","Starnet"
"6121","accesoires/598-bas-fantaisie-bas-blanc-pomme-empoisonnee.html","5.560000","Starnet"
"6214","accesoires/572-bas-jeux-de-cartes.html","7.290000","Starnet"
"6215","accesoires/599-bas-fantaisie-bas-jeux-de-cartes-suite-royale.html","3.240000","Starnet"
"6249","accesoires/600-bas-fantaisies-bas-noir-opaques-deco-noeud-et-pastille-rouge.html","5.670000","Starnet"
"6250","accesoires/601-bas-fantaisie-bas-blanc-deco-croix-rouge.html","4.060000","Starnet"
"6252","accesoires/559-bas-mes-jambes-sucrees.html","5.800000","Starnet"
"6290","accesoires/576-bas-lolita.html","5.670000","Starnet"
"6315","accesoires/557-bas-damier-et-coeurs.html","3.500000","Starnet"
"6320","accesoires/520-bas-arc-en-ciel.html","4.860000","Starnet"
"6622","accesoires/556-bas-pancartes.html","7.750000","Starnet"
"6675","home/413-bas-zombie.html","3.240000","Starnet"
"7049L","costume-/118-costume-gangster.html","15.750000","G2to"
"83008","costume-/271-costume-indienne.html","27.520000","Starnet"
"83035","costume-/400-costume-arbitre.html","23.330000","Starnet"
"83050","costume-/295-costume-d-infirmiere.html","26.760000","Starnet"
"83050","costume-/560-deguisement-infirmiere-sexy.html","26.760000","Starnet"
"83067","costume-/401-costume-arbitre.html","22.940000","Starnet"
"83086","costume-/340-costume-alice.html","24.500000","Starnet"
"83088","costume-/351-costume-pirate-barbare.html","29.160000","Starnet"
"83157","costume-/354-costume-pirate-sanguinaire.html","30.580000","Starnet"
"83157X","costume-/170-costume-pirate-sanguinaire.html","42.060000","Starnet"
"83183","costume-/288-costume-french-connection.html","28.430000","Starnet"
"83186","costume-/389-costume-epouvantail.html","36.700000","Starnet"
"83202","costume-/251-costume-poupee-de-chiffon.html","32.080000","Starnet"
"83219","costume-/307-costume-coccinelle.html","28.000000","Starnet"
"83219","costume-/561-costume-coccinelle-daisy.html","30.580000","Starnet"
"83272","costume-/150-costume-de-marinette.html","33.640000","Starnet"
"83311","costume-/378-costume-serveuse-allemande.html","27.950000","Starnet"
"83311X","costume-/172-costume-autrichienne.html","39.000000","Starnet"
"83319","costume-/253-costume-miss-framboise.html","36.290000","Starnet"
"83324","costume-/152-costume-de-marinette.html","33.640000","Starnet"
"83343","costume-/308-costume-abeille.html","28.000000","Starnet"
"83344","costume-/368-costume-gendarmette.html","36.700000","Starnet"
"83409","costume-/363-costume-joueuse-de-cartes.html","45.880000","Starnet"
"83409X","costume-/173-costume-joueuse-de-cartes.html","49.770000","Starnet"
"83422","costume-/366-costume-joueuse-chanceuse.html","41.600000","Starnet"
"83425","costume-/390-costume-de-vampire.html","54.600000","Starnet"
"83440X","costume-/174-costume-miss-kitty.html","49.770000","Starnet"
"83441","costume-/379-costume-de-domestique.html","34.000000","Starnet"
"83452","accesoires/382-jupon-a-pois.html","14.580000","Starnet"
"83486X","costume-/175-costume-gitane.html","44.960000","Starnet"
"83502X","costume-/176-costume-hippie.html","30.270000","Starnet"
"83542","costume-/277-costume-de-reine-de-beaute.html","25.900000","Starnet"
"83584","accesoires/364-jupon-gothique.html","24.300000","Starnet"
"83589","costume-/279-costume-elfe.html","29.970000","Starnet"
"83607","costume-/355-costume-pirate-.html","36.760000","Starnet"
"83615","costume-/341-costume-petit-chaperon-rouge.html","34.400000","Starnet"
"83616","costume-/342-costume-de-blanche-neige.html","29.820000","Starnet"
"83618","costume-/242-costume-nonne-sexy.html","27.300000","Starnet"
"83619","costume-/369-costume-officier-de-police.html","41.300000","Starnet"
"83620","costume-/290-costume-mafia.html","34.400000","Starnet"
"83622","costume-/391-costume-vampire-tentatrice.html","36.760000","Starnet"
"83623","costume-/564-combinaison-cat-woman.html","29.160000","Starnet"
"83624","costume-/380-costume-employee-de-maison.html","35.180000","Starnet"
"83625","costume-/358-costume-amirale-sexy.html","30.580000","Starnet"
"83628","costume-/257-costume-dorothy.html","27.300000","Starnet"
"83630","costume-/370-costume-swat.html","32.880000","Starnet"
"83632","costume-/392-costume-hocus-pocus.html","30.580000","Starnet"
"83636","costume-/343-costume-boucle-d-or.html","33.530000","Starnet"
"83638","costume-/153-costume-matelot.html","32.800000","Starnet"
"83645X","costume-/177-costume-abeille.html","38.700000","Starnet"
"83647","costume-/154-costume-marinette.html","33.640000","Starnet"
"83651","costume-/167-costume-dompteuse-sexy.html","35.330000","Starnet"
"83652X","costume-/178-costume-coccinelle.html","42.060000","Starnet"
"83654","costume-/258-costume-dorothy.html","19.440000","Starnet"
"83657","costume-/296-costume-d-infirmiere.html","32.120000","Starnet"
"83666","costume-/312-costume-leopard.html","38.240000","Starnet"
"83671","costume-/244-costume-voyante-sexy.html","35.180000","Starnet"
"83672","costume-/156-costume-commandante-us-navy.html","44.160000","Starnet"
"83672X","costume-/179-costume-commandante-us-navy.html","43.740000","Starnet"
"83699","costume-/359-costume-de-pirate-elegante.html","42.820000","Starnet"
"83763","costume-/157-costume-de-capitaine.html","42.060000","Starnet"
"83764","costume-/158-costume-sexy-capitaine.html","44.160000","Starnet"
"83770","costume-/562-costume-sorciere-malicieuse.html","38.240000","Starnet"
"83772","costume-/360-costume-de-pirate.html","38.240000","Starnet"
"83773","costume-/344-costume-alice.html","32.880000","Starnet"
"83774","costume-/345-costume-voleuse-de-coeurs.html","45.880000","Starnet"
"83774X","costume-/418-robin-des-bois.html","49.700000","Starnet"
"83775","costume-/159-costume-armee.html","33.640000","Starnet"
"83777","costume-/259-costume-jolie-poupee.html","29.250000","Starnet"
"83778","costume-/393-costume-de-sorciere.html","28.000000","Starnet"
"83780","costume-/168-costume-circus.html","37.840000","Starnet"
"83781","costume-/394-costume-de-sorciere.html","29.250000","Starnet"
"83786","costume-/236-costume-danseuse-de-cabaret.html","50.460000","Starnet"
"83786X","costume-/417-danseuse-de-cabaret.html","53.520000","Starnet"
"83787","costume-/314-costume-coccinelle.html","29.250000","Starnet"
"83789","costume-/346-costume-lapin-l-heure-du-the.html","38.240000","Starnet"
"83790X","costume-/180-costume-pompier.html","33.640000","Starnet"
"83792","costume-/361-costume-de-capitaine-pirate.html","53.520000","Starnet"
"83793","costume-/281-costume-cupidon.html","38.240000","Starnet"
"83795X","costume-/181-costume-de-policiere.html","44.160000","Starnet"
"83798X","costume-/182-costume-leoparde.html","43.370000","Starnet"
"83800X","costume-/416-danseuse-de-charleston.html","47.390000","Starnet"
"83801","costume-/282-princesse-esquimau.html","42.060000","Starnet"
"83803X","costume-/183-costume-serveuse-de-the.html","42.060000","Starnet"
"83805","costume-/273-costume-indienne.html","38.240000","Starnet"
"83817","costume-/317-costume-papillon-monarque.html","45.880000","Starnet"
"83818","costume-/329-costume-princesse-paon.html","59.640000","Starnet"
"83823","costume-/395-costume-reine-des-tenebres.html","48.940000","Starnet"
"83825X","costume-/184-costume-alice.html","38.240000","Starnet"
"83826X","costume-/185-costume-marine.html","48.940000","Starnet"
"83827","costume-/160-costume-hotesse-de-l-air.html","37.840000","Starnet"
"83828","costume-/237-costume-lady-gaga.html","36.700000","Starnet"
"83829","costume-/381-costume-serveuse-allemande.html","35.750000","Starnet"
"83829","costume-/586-costume-bavaroise-coquine-deguisement-adulte.html","42.060000","Starnet"
"83830","costume-/260-costume-poupee-noire.html","32.500000","Starnet"
"83831X","costume-/186-costume-pirate.html","45.880000","Starnet"
"83832","costume-/161-costume-hotesse-de-l-air.html","42.060000","Starnet"
"83833","costume-/347-costume-epouvantail.html","53.520000","Starnet"
"83837X","costume-/187-costume-infirmiere.html","42.060000","Starnet"
"83841","costume-/397-costume-maitresse-de-la-nuit.html","38.240000","Starnet"
"83842X","costume-/188-costume-sorciere.html","44.340000","Starnet"
"83845","costume-/283-costume-princesse-venus.html","44.340000","Starnet"
"83846","costume-/348-costume-chaperon-rouge.html","53.520000","Starnet"
"83849","costume-/403-costume-scout.html","38.240000","Starnet"
"83852","costume-/291-costume-mafia.html","38.240000","Starnet"
"83853","costume-/238-costume-cabaret.html","58.120000","Starnet"
"83855","costume-/349-costume-chapelier-l-heure-du-the.html","42.060000","Starnet"
"83857","costume-/239-costume-beaute-orientale.html","38.240000","Starnet"
"83862","costume-/297-costume-d-infirmiere.html","34.830000","Starnet"
"83863","costume-/169-costume-deesse-athena.html","30.270000","Starnet"
"83866","costume-/292-costume-gangster.html","30.580000","Starnet"
"83868","costume-/284-costume-de-fee.html","59.640000","Starnet"
"83878","costume-/331-costume-de-moufette.html","45.880000","Starnet"
"83879","costume-/332-costume-renarde.html","45.880000","Starnet"
"83881","costume-/333-costume-raton-laveur.html","45.880000","Starnet"
"83886","costume-/484-halloween-costume-officier-sanguinaire.html","39.760000","Starnet"
"83891","costume-/482-hallowenn-costume-d-infirmiere-sanguinaire.html","35.940000","Starnet"
"83893","costume-/487-costume-demon-rouge.html","53.520000","Starnet"
"83896","costume-/571-costume-princesse-citrouille.html","38.240000","Starnet"
"83904","costume-/565-costume-leopard-chic.html","45.880000","Starnet"
"83909","costume-/540--sorciere-chic.html","38.240000","Starnet"
"83912","costume-/510-combinaison-brillante-de-policiere.html","38.240000","Starnet"
"83913","costume-/574-costume-gardienne-des-cartes.html","45.880000","Starnet"
"83932","costume-/566-costume-la-mystique-sirene.html","65.000000","Starnet"
"83941","costume-/575-costume-diseuse-de-bonne-aventure.html","45.880000","Starnet"
"83943","costume-/563-costume-adorable-diablesse.html","48.170000","Starnet"
"83973","costume-/489-halloween-costume-pompier-mort-vivant.html","38.240000","Starnet"
"83990 ","costume-/423-costume-de-guerriere.html","45.880000","Starnet"
"83991","costume-/567-costume-lapine-sexy-.html","38.240000","Starnet"
"83993","costume-/577-costume-cupcake-acidule.html","45.880000","Starnet"
"8412","costume-/334-costume-d-abeille.html","27.540000","Starnet"
"85002","costume-/491-costume-sublime-calaveras.html","38.240000","Starnet"
"85003","costume-/578-costume-cupcake-sucre.html","38.240000","Starnet"
"85010","costume-/568-costume-licorne-fantaisie.html","45.880000","Starnet"
"85011","costume-/421-costume-de-reine.html","53052.000000","Starnet"
"85014X","costume-/415-costume-gitane-grande-taille.html","45.880000","Starnet"
"85015","costume-/604-costume-chatte-noire-deguisement-adulte.html","44.160000","Starnet"
"85020","costume-/420-robe-momie-egyptienne.html","38.240000","Starnet"
"85021","costume-/579-costume-cupcake-deguisement-adulte.html","38.240000","Starnet"
"85022","costume-/419-costume-vendeuse-de-cigarette-vintage.html","68.820000","Starnet"
"85023","costume-/580-costume-miss-beaute-deguisement-adulte.html","49.700000","Starnet"
"85025","costume-/581-costume-cendrillon-deguisement-adulte.html","45.880000","Starnet"
"85028","costume-/569-costume-chaton-noir.html","45.880000","Starnet"
"87001","costume-/189-lingerie-policiere.html","19.120000","Starnet"
"87007","costume-/190-lingerie-infirmiere.html","20.050000","Starnet"
"87018","costume-/192-lingerie-chaperon-rouge.html","21.140000","Starnet"
"87022","costume-/193-costume-pirate.html","24.420000","Starnet"
"87024","costume-/195-lingerie-lapin.html","21.870000","Starnet"
"87025","costume-/196-costume-lingerie-cherry.html","21.870000","Starnet"
"87030","costume-/197-lingerie-baseball.html","17.420000","Starnet"
"87034","costume-/304-lingerie-infirmiere.html","17.720000","Starnet"
"87037","costume-/305-lingerie-infirmiere.html","19.340000","Starnet"
"8879","costume-/261-costume-ecoliere.html","19.440000","Starnet"
"89066","costume-/199-costume-secretaire.html","17.010000","Starnet"
"89069","costume-/202-costume-police.html","18.950000","Starnet"
"89890","costume-/479-halloween-reine-de-promotion-putride.html","44.340000","Starnet"
"89890X","costume-/414-hallowenn-la-reine-ensanglantee.html","47.400000","Starnet"
"9018","accesoires/588-bas-resille-noir-tendre-seduction.html","2.700000","Starnet"
"9160","accesoires/425-collant-micro-resille-tete-de-mort.html","6.480000","Starnet"
"9202","home/458-bas-rouge-filet-contraste-autofixant.html","5.670000","Starnet"
"9661","accesoires/519-legging-resille-coloree.html","7.280000","Starnet"
"A1008","accesoires/433-chapeau-fedora.html","8.100000","Starnet"
"A1023","accesoires/585-sac-a-main-biere.html","10.450000","Starnet"
"A1041","accesoires/356-jupon-mousseline.html","17.010000","Starnet"
"A1046","accesoires/513-sac-poupee-zombie.html","24.300000","Starnet"
"A1047","accesoires/509-sac-jambe-zombie.html","11.300000","Starnet"
"A1062","accesoires/587-chapeau-mini-fedora-raye.html","8.100000","Starnet"
"A1070","accesoires/573-baguette-jeux-de-cartes.html","12.960000","Starnet"
"A1076","accesoires/326-ailes-de-fee.html","19.440000","Starnet"
"A1513","accesoires/375-casque-de-pompier.html","3.900000","Starnet"
"A1518","accesoires/427-sac-a-main-malette-de-secours-infirmiere.html","8.100000","Starnet"
"A1524","accesoires/511-coiffe-gateau-gourmand.html","8.100000","Starnet"
"A1525","accesoires/512-diademe-gateau-de-soiree.html","8.100000","Starnet"
"A1682","masques-et-loups/435-burlesque-masque-bad-girl.html","8.100000","Starnet"
"A1907","accesoires/584-casquette-us-navy.html","14.580000","Starnet"
"A1909","accesoires/426-sac-a-main-perroquet.html","7.750000","Starnet"
"A1914","accesoires/428-sac-a-main-malette-de-secours-infirmiere.html","8.100000","Starnet"
"A1915","accesoires/589-mini-casquette-capitaine.html","14.080000","Starnet"
"A1918","accesoires/590-ceinture-cartouches-avec-poche.html","9.720000","Starnet"
"A1926","accesoires/327-ailes-de-papillon-monarque.html","16.800000","Starnet"
"A1927","accesoires/328-ailes-de-fee.html","16.800000","Starnet"
"A1931","costume-/335-capuche-moufette.html","23.330000","Starnet"
"A1936","accesoires/460-coiffe-peluche-renne-.html","15.500000","Starnet"
"A1956","accesoires/591-casquette-flic.html","19.500000","Starnet"
"A1960","accesoires/481-ailes-de-fee-arc-en-ciel.html","16.200000","Starnet"
"A1962","accesoires/411-serre-tete-licorne.html","11.930000","Starnet"
"A1964","home/410-ailes-de-papillon.html","12.950000","Starnet"
"A1970","accesoires/472-guetres-blanc-fausse-fourrure.html","12.150000","Starnet"
"A1975","accesoires/409-sac-a-main-cervelle.html","9.700000","Starnet"
"A1977","home/408-perruque-multicolore.html","14.950000","Starnet"
"A1979","perruques/407-perruque-longue-fluo.html","11.400000","Starnet"
"A1983","accesoires/477-jambieres-smile.html","24.300000","Starnet"
"A1986","perruques/517-perruque-carre-court-soyeux-.html","15.820000","Starnet"
"A1997","accesoires/483-sac-plastique-smile.html","8.100000","Starnet"
"A2007","accesoires/518-pochette-de-bras-secrete.html","5.700000","Starnet"
"A2008","masques-et-loups/476-masque-bouche-cousue.html","4.050000","Starnet"
"B11238","costume-/474-bas-chaussettes-pour-mere-noel.html","3.900000","Silamoda"
"BN4202","costume-/221-ensemble-bunny-sexy.html","15.220000","Starnet"
"BN4206","costume-/222-felicity-costume.html","19.940000","Starnet"
"BN4224","costume-/223-constance-costume.html","17.640000","Starnet"
"CH santa bas","accesoires/548-bas-opaque-de-noel-haute-qualite.html","13.950000","Silamoda"
"CH10372 ","costume-/473-gants-longs-satin.html","3.500000","Silamoda"
"CH11088","costume-/507-manteau-long-a-capuche-de-mere-noel.html","29.950000","Silamoda"
"CH11089 sm","costume-/451-robe-de-noel-avec-bonnet.html","14.800000","Silamoda"
"CH11695","costume-/475-robe-de-mere-noel-en-velours-avec-string-et-bonnet.html","15.900000","Silamoda"
"CH12179","costume-/454-costume-mere-noel-jupe-longue.html","28.500000","Silamoda"
"CH12192","home/450-ensemble-jupette-string-et-clochettes-de-noel.html","12.850000","Silamoda"
"CH12281","costume-/453-costumes-de-noel-a-double-ceinture.html","24.500000","Silamoda"
"CH12322","costume-/449-bonnet-mere-noel-luxe.html","3.900000","Silamoda"
"CH12618","accesoires/530-bas-resille-de-noel-avec-clochettes.html","5.250000","Silamoda"
"Cookie OB228 ","costume-/405-cuisiniere-ou-soubrette-sexy.html","15.960000","Silamoda"
"CP8002-2","costume-/545-danceuse-orientale.html","11.800000","Chantefeuille"
"CP8380","costume-/546-chef-cuisiniere-.html","12.900000","Chantefeuille"
"GA10388","accesoires/526-longues-mitaines-large-resille.html","2.490000","Silamoda"
"HL13","costume-/224-costume-lingerie-gouvernante.html","12.720000","Starnet"
"HL15","costume-/225-costume-lingerie-ecoliere.html","17.460000","Starnet"
"HL17","costume-/226-deguisement-lingerie-infirmiere.html","11.910000","Starnet"
"HL18","costume-/227-costume-lingerie-fliquette.html","19.780000","Starnet"
"HL235","soubrette/228-deguisement-gouvernante-a-croquer.html","19.250000","Starnet"
"HL237","costume-/229-robe-d-infirmiere-coquine.html","15.990000","Starnet"
"HL238","costume-/230-tenue-gangster-affriolante.html","19.900000","Starnet"
"Jane set OB227","costume-/404-costume-sexy-de-jane.html","15.500000","Silamoda"
"LC0159","perruques/148-perruque-marquise.html","13.530000","G2to"
"LC0160","perruques/145-perruque-noire-et-blanche.html","11.670000","G2to"
"LC0167","perruques/147-perruque-noire.html","13.520000","G2to"
"LC0170","perruques/146-perruque-rouge.html","9.210000","G2to"
"LC17147","accesoires/547-cilla-bas-de-noel.html","6.400000","Starnet"
"LC20004","costume-/508-sweetness-santa-costume-mere-noel.html","15.070000","Starnet"
"LC2359P","costume-/142-costume-ecoliere.html","17.010000","G2to"
"LC4492 ","costume-/521-naughty-mere-noel.html","18.220000","Starnet"
"Lc8002-2","costume-/136-costume-de-danseuse-du-ventre.html","13.040000","G2to"
"LC8044","costume-/28-costume-de-corsaire.html","21.300000","G2to"
"LC8079","costume-/112-costume-pussycat.html","15.290000","G2to"
"LC8152","costume-/116-costume-d-ange.html","22.620000","G2to"
"LC8214","costume-/55-costume-soubrette.html","16.250000","G2to"
"LC8219","costume-/133-costume-chaperon-rouge.html","22.110000","G2to"
"LC8243","costume-/125-costume-cleopatre.html","20.460000","G2to"
"LC8248","costume-/56-costume-soubrette.html","24.320000","G2to"
"LC8263","costume-/14-costume-fee-clochette.html","34.620000","G2to"
"LC8269","costume-/104-costume-tigre.html","21.930000","G2to"
"LC8277","home/22-costume-de-corsaire.html","28.620000","G2to"
"Lc8278","costume-/105-costume-catwoman.html","22.040000","G2to"
"LC8289","costume-/25-costume-de-corsaire.html","13.380000","G2to"
"LC8292","costume-/107-costume-tigre.html","22.850000","G2to"
"LC8294","costume-/24-costume-de-corsaire.html","29.760000","G2to"
"LC8298","costume-/124-costume-wonderwoman.html","16.520000","G2to"
"LC8299","costume-/53-costume-soubrette.html","13.780000","G2to"
"LC8300","costume-/106-costume-catwoman.html","22.030000","G2to"
"LC8303","cuisiniere/10-costume-cuisiniere.html","13.620000","G2to"
"LC8304","costume-/19-costume-chauve-souris.html","12.120000","G2to"
"LC8306","costume-/26-costume-de-corsaire.html","13.780000","G2to"
"LC8312","costume-/73-costume-lapin.html","20.240000","G2to"
"LC8327","costume-/130-costume-aigle-noir.html","15.990000","G2to"
"LC8331","costume-/34-costume-de-vampire.html","18.180000","G2to"
"LC8332","costume-/127-costume-egyptienne.html","15.440000","G2to"
"LC8335","costume-/129-costume-d-ange.html","15.990000","G2to"
"LC8340","costume-/21-costume-sorciere.html","22.040000","G2to"
"LC8343","costume-/123-costume-torero.html","25.340000","G2to"
"LC8344","costume-/20-costume-bouffon-.html","15.990000","G2to"
"LC8349","costume-/132-costume-superwoman.html","22.850000","G2to"
"LC8379P","costume-/139-costume-peace-and-love.html","28.530000","G2to"
"LC8390","costume-/108-costume-pussycat.html","27.210000","G2to"
"LC8396","costume-/18-costume-sorciere.html","24.150000","G2to"
"Lc8399","costume-/31-costume-de-diablesse.html","27.900000","G2to"
"LC8400","costume-/78-costume-lapin-casino.html","18.140000","G2to"
"LC8404","costume-/16-robe-princesse.html","32.940000","G2to"
"LC8417","costume-/29-costume-de-corsaire.html","21.600000","G2to"
"Lc8423","costume-/30-costume-de-vampire.html","28.650000","G2to"
"LC8423","costume-/496-halloween-costume-vampire.html","28.650000","G2to"
"LC8426","costume-/17-costume-princesse.html","35.370000","G2to"
"LC8443","costume-/50-costume-d-infirmiere.html","11.580000","G2to"
"LC8444","costume-/505-costume-lapine.html","13.560000","G2to"
"LC8466","costume-/498-halloween-costume-diablesse.html","18.090000","G2to"
"LC8575","costume-/494-halloween-costume-vampire.html","47.250000","G2to"
"LC8576","costume-/497-halloween-costume-diablesse.html","24.750000","G2to"
"LC8579","costume-/495-halloween-costume-vampire.html","34.500000","G2to"
"LC8582","costume-/503-costume-corsaire.html","19.400000","G2to"
"LC8603","costume-/502-costume-batman.html","43.260000","G2to"
"LC8604","costume-/493-halloween-costume-vampire.html","38.660000","G2to"
"LC8607","costume-/492-costume-de-fantome.html","32.250000","G2to"
"LC8608","costume-/501-costume-ecoliere.html","15.480000","G2to"
"LC8618","costume-/504-costume-bucheron.html","20.670000","G2to"
"LC9002","costume-/36-costume-d-infirmiere.html","18.990000","G2to"
"MA011","home/461-masque-loup-tigre.html","8.500000","G2to"
"MA012","accesoires/462-masque-loup.html","8.000000","G2to"
"MA013","accesoires/463-masque-loup-en-dentelle.html","8.000000","G2to"
"MA021","accesoires/464-masque-loup-tigre.html","7.000000","G2to"
"MA024","accesoires/465-masque-loup-violet.html","7.000000","G2to"
"MA025","accesoires/466-masque-loup.html","8.000000","G2to"
"MA026","accesoires/467-masque-loup-voile-dentelle.html","8.000000","G2to"
"MA027","accesoires/469-masque-loup-argent.html","7.000000","G2to"
"MA027","home/468-masque-loup-argent.html","7.000000","G2to"
"MA11701whttu","accesoires/524-masque-blanc-de-venise.html","8.900000","Silamoda"
"MA11733","accesoires/533-loup-venitien-blanc-a-plume-deco-argentee.html","8.850000","Silamoda"
"MA11774blktu","accesoires/528-masque-a-plumes-noir-extravagant-.html","8.900000","Silamoda"
"MA11775","accesoires/532-loup-rigide-de-venise.html","7.600000","Silamoda"
"MA11777silvtu","accesoires/527-masque-de-venise-rigide-argente.html","7.950000","Silamoda"
"MA11778blktu","accesoires/525-loup-rigide-noir-et-or.html","7.950000","Silamoda"
"MA12306blktu","accesoires/529-masque-felin-deco-brocart.html","10.600000","Silamoda"
"MA12307blktu","accesoires/531-loup-venitien-noir-a-plumes.html","9.900000","Silamoda"
"MA12628martu","accesoires/522-masque-antique.html","8.990000","Silamoda"
"MA12632blktu","accesoires/523-loup-noir-dentelle-florale.html","7.000000","Silamoda"
"NULL","costume-/265-costume-ecoliere.html","17.900000","Starnet"
"NULL","home/7-ipod-touch.html","200.000000",
"NULL","home/9-ecouteurs-a-isolation-sonore-shure-se210.html","0.000000",
"NULL","pussycat/330-costume-leopard.html","41.470000","Starnet"
"OB1078","costume-/203-bunny-set-costume-.html","14.650000","Starnet"
"OB1079","costume-/204-bunny-suit-costume.html","19.380000","Starnet"
"OB1106","costume-/205-costume-serveuse-deguisement-adulte.html","17.730000","Starnet"
"OB1122","costume-/206-costume-de-gouvernante-deguisement-adulte.html","16.070000","Starnet"
"OB1124","costume-/207-costume-diablesse-en-vinyl-rouge-deguisement-adulte.html","22.060000","Starnet"
"OB1140","costume-/298-costume-d-infirmiere.html","25.610000","Starnet"
"ob1142","costume-/299-costume-d-infirmiere-avec-stethoscope.html","27.570000","Starnet"
"ob1144","costume-/300-costume-d-infirmiere.html","21.750000","Starnet"
"ob1145","costume-/301-costume-d-infirmiere-avec-stethoscope.html","25.050000","Starnet"
"OB1158","costume-/208-costume-gangster.html","17.730000","Starnet"
"ob1160","costume-/285-costume-de-geisha.html","29.550000","Starnet"
"OB1160","costume-/582-robe-geisha.html","29.550000","Starnet"
"OB1166","costume-/262-costume-heidi.html","21.270000","Starnet"
"OB1167","costume-/209-costume-domestique-deguisement-adulte.html","22.850000","Starnet"
"OB1181","costume-/210-juicy-officegirl.html","21.880000","Starnet"
"OB1182","costume-/211-costume-d-ecoliere-deguisement-adulte.html","17.490000","Starnet"
"OB1247","costume-/212-costume-femme-de-menage-deguisement-adulte.html","20.880000","Starnet"
"OB1262","costume-/302-naughty-nurse-costume.html","20.880000","Starnet"
"OB1263","costume-/303-naughty-nurse-costume.html","18.430000","Starnet"
"OB1285","costume-/213-costume-pussycat.html","27.570000","Starnet"
"OB1290","costume-/162-costume-marin.html","27.770000","Starnet"
"OB1295","costume-/214-costume-secretaire.html","20.490000","Starnet"
"OB1313","costume-/215-stewardess.html","19.380000","Starnet"
"OB1321","costume-/216-waitress.html","17.020000","Starnet"
"OB1332","costume-/274-costume-cowgirl.html","38.140000","Starnet"
"OB1334","costume-/275-mexicana-costume.html","32.340000","Starnet"
"OB1338","costume-/163-soldat-bikini-costume-deguisement-adulte.html","13.390000","Starnet"
"OB1339","costume-/164-robe-costume-soldat-deguisement-adulte.html","18.510000","Starnet"
"OB1340","costume-/165-costume-soldate-deguisement-adulte.html","19.310000","Starnet"
"OB1360","costume-/336-corset-lapin.html","28.370000","Starnet"
"OB1365","costume-/166-costume-marine.html","24.430000","Starnet"
"OB1367","costume-/362-costume-de-pirate.html","29.940000","Starnet"
"Ob1397","costume-/217-servanta-costume.html","20.480000","Starnet"
"OB1405","costume-/402-costume-arbitre.html","15.260000","Starnet"
"OB1421","costume-/448-costume-de-maitresse-d-ecole.html","19.310000","Starnet"
"OB1477","costume-/603-deguisement-pour-adulte-lapine-sexy.html","21.420000","Starnet"
"OB1478","costume-/602-deguisement-pour-adulte-blanche-neige-sexy.html","33.420000",
"PA0106","costume-/383-costume-de-serveuse.html","20.910000","Starnet"
"PA0245","costume-/232-bunny-passion-costume-lingerie.html","14.080000","Starnet"
"PA0248","costume-/264-costume-cheerleader.html","20.910000","Starnet"
"PA0276","costume-/266--costume-lolita-daniela.html","17.830000","Starnet"
"Pa0284","costume-/267-costume-ecoliere-karolina.html","17.830000","Starnet"
"PA0296","costume-/337-pussy-mouse-costume.html","19.600000","Starnet"
"PA0301","costume-/233-widow-costume-bonne-soeur.html","19.070000","Starnet"
"PA0332","costume-/384-sarita-maid-sweety-ensemble.html","13.890000","Starnet"
"PA0338","costume-/385-maid-beauty-costume.html","13.430000","Starnet"
"PA0339","costume-/386-maid-dreamy-costume.html","13.890000","Starnet"
"PA0340","costume-/387-maid-lovely-costume.html","11.680000","Starnet"
"Pocahontas OB078 ","costume-/406-indienne-pocahontas.html","24.950000","Silamoda"
"Police corset  OB1428","costume-/485-costume-de-policiere-sexy-en-guepiere.html","39.450000","Silamoda"
"Prisoner","costume-/486-costume-prisonniere-sexy.html","27.820000","Silamoda"
"r116","costume-/543-kimono-rose-et-noir-.html","12.900000","Chantefeuille"
"r117","costume-/544-kimono-sexy-.html","12.900000","Chantefeuille"
"r70","costume-/541-kimono-sexy-rose.html","12.900000","Chantefeuille"
"r72","costume-/542-kimono-sexy-leopard-.html","12.900000","Chantefeuille"
"RU025","costume-/52-costume-femme-de-menage.html","12.750000","G2to"
"RU044","costume-/96-costume-ecoliere.html","10.950000","G2to"
"Santa Girl BN056","costume-/452-robe-de-noel-avec-ceinture-et-bonnet.html","11.920000","Silamoda"
"TSS Christmas Dress","costume-/550-robe-rayee-dos-nu-de-mere-noel-avec-chapeau-et-string.html","18.950000","Silamoda"
"TSS Christmas Gift","costume-/539-robe-mere-de-noel-bordeaux.html","19.950000","Silamoda"
"TSS Christmas surprise","costume-/549-bolero-capuche-avec-shorty-de-noel.html","18.950000","Silamoda"
"ZT8156","costume-/119-costume-bandit.html","16.590000","G2to"
"ZT8763","costume-/605-costume-lapin-deguisement-pour-adulte.html","22.560000","G2to"
