"Maillot de bain, Bikini",Vêtements et accessoires>Vêtements>Vêtements de bain>Bas de maillot de bain
Maillot de bain brésilien,Vêtements et accessoires>Vêtements>Vêtements de bain>Bas de maillot de bain
Monokini,Vêtements et accessoires>Vêtements>Vêtements de bain>Maillots de bain une pièce
Microkini,Vêtements et accessoires>Vêtements>Vêtements de bain>Bikinis
Robe de plage – Paréo,Vêtements et accessoires>Vêtements>Vêtements de bain>Vêtements de plage
Drap de plage,Vêtements et accessoires>Vêtements>Vêtements de bain>Vêtements de plage
Maillot de bain string,Vêtements et accessoires>Vêtements>Vêtements de bain>Bikinis
Robe et tenue libertine,Vêtements et accessoires>Vêtements>Robes
Robe Clubwear,Vêtements et accessoires>Vêtements>Robes>Robes décontractées
Robe de soirée et coktail,Vêtements et accessoires>Vêtements>Robes>Robes de soirée
Robe Fétichiste,Vêtements et accessoires>Vêtements>Robes
Masques et loups,Vêtements et accessoires>Déguisements et accessoires>Masques
Tenue fétichiste,Vêtements et accessoires>Déguisements et accessoires>Tenues
Gogo Danseuse,Vêtements et accessoires>Vêtements>Robes>Robes décontractées
Robe d'été,Vêtements et accessoires>Vêtements>Robes
Ensemble Lingerie,Vêtements et accessoires>Vêtements>Sous-vêtements et chaussettes>Lingerie
Nuisette - Babydoll,Adulte>Érotisme>Lingerie érotique
Osez le Body,Adulte>Érotisme>Lingerie érotique
Osez la guêpière,Adulte>Érotisme>Lingerie érotique
Osez le corset,Adulte>Érotisme>Lingerie érotique
String - Culotte - Tanga - Shorty,Adulte>Érotisme>Lingerie érotique
Osez le Bodystocking - Combinaison,Adulte>Érotisme>Lingerie érotique
Deshabillé,Vêtements et accessoires>Vêtements>Sous-vêtements et chaussettes>Lingerie
Top – Caraco,Vêtements et accessoires>Vêtements>Sous-vêtements et chaussettes>Lingerie
Boxer Homme,Adulte>Érotisme>Lingerie érotique
String Homme,Adulte>Érotisme>Lingerie érotique
Brief,Adulte>Érotisme>Lingerie érotique
Shorty,Adulte>Érotisme>Lingerie érotique
Slip,Adulte>Érotisme>Lingerie érotique
T-Body,Adulte>Érotisme>Lingerie érotique
Legging  ,Vêtements et accessoires>Vêtements
Legging femme enceinte,Vêtements et accessoires>Vêtements
Bas,Vêtements et accessoires>Vêtements>Sous-vêtements et chaussettes>Collants
Gants – Mitaines,Vêtements et accessoires>Vêtements>Mitaines et jambières>Mitaines
Niples Covers – Caches Tétons,Vêtements et accessoires>Bijoux>Bijoux pour le corps
"Tenue sexy, Déguisement adulte",Vêtements et accessoires>Déguisements et accessoires>Déguisements
Seins et Soutien Gorge,Adulte>Érotisme>Lingerie érotique
Sextoys Luxe et Design,Adulte>Érotisme>Sex toys
Osez les boules de geisha,Adulte>Érotisme>Sex toys
Vibro,Adulte>Érotisme>Sex toys
Baume,Adulte>Érotisme>Sex toys
Huille,Adulte>Érotisme>Sex toys
Coffret Plaisir,Adulte>Érotisme>Sex toys
Coffret Massage,Adulte>Érotisme>Sex toys
Bougie,Adulte>Érotisme>Sex toys
Parfum,Adulte>Érotisme>Sex toys
Lubrifiant,Adulte>Érotisme>Sex toys
Gel,Adulte>Érotisme>Sex toys
Poudre,Adulte>Érotisme>Sex toys
Toilette Intimes,Adulte>Érotisme>Sex toys
Spécial anal,Adulte>Érotisme>Sex toys
Spécial seins,Adulte>Érotisme>Sex toys
SM et Bondage Chic,Adulte>Érotisme>Sex toys
Men Toys,Adulte>Érotisme>Sex toys
Aphrodisiaque,Adulte>Érotisme>Sex toys
Plaisir Anal,Adulte>Érotisme>Sex toys
Bijoux intimes,Vêtements et accessoires>Bijoux>Bijoux pour le corps
Coffrets Jeux – Plaisir,Adulte>Érotisme>Jeux érotiques
Accessoires Sexy,Adulte>Érotisme>Sex toys
Soubrette / Serveuse,Vêtements et accessoires>Déguisements et accessoires>Déguisements
Ecolière / Secrétaire,Vêtements et accessoires>Déguisements et accessoires>Déguisements
Infirmière Sexy,Vêtements et accessoires>Déguisements et accessoires>Déguisements
"Tenue sexy lapin, bunny",Vêtements et accessoires>Déguisements et accessoires>Déguisements
Policière / Pompier/ Militaire,Vêtements et accessoires>Déguisements et accessoires>Déguisements
Tenue sport sexy,Vêtements et accessoires>Déguisements et accessoires>Déguisements
"Halloween, Zombie, Déguisement adulte",Vêtements et accessoires>Déguisements et accessoires>Déguisements
Mère Noël Sexy,Vêtements et accessoires>Déguisements et accessoires>Déguisements
