"Maillot de bain, Bikini",Leguide#6012100
Maillot de bain brésilien,Leguide#6012100
Monokini,Leguide#6012100
Micopkini,Leguide#6012100
Robe de plage – Paréo,Leguide#6052100
Drap de plage,Leguide#5051105
Maillot de bain string,Leguide#6012100
Robe et tenue libertine,leguide#6010600
Robe Clubwear,leguide#6010600
Robe de soirée et coktail,leguide#6010600
Robe Fétichiste,leguide#6010600
Masques et loups,Leguide#6000000
Tenue fétichiste,leguide#6010600
Gogo Danseuse,leguide#6010600
Robe d'été,leguide#6010600
Ensemble Lingerie,Leguide#6041208
Nuisette - Babydoll,Leguide#6041219
Osez le Body,Leguide#6041202
Osez la guêpière,Leguide#6041223
Osez le corset,Leguide#6041223
String - Culotte - Tanga - Shorty,Leguide#6041200
Osez le Bodystocking - Combinaison,Leguide#6012000
Deshabillé,Leguide#5051109
Top – Caraco,Leguide#6041203
Boxer Homme,Leguide#6041301
String Homme,Leguide#6041306
Brief,Leguide#6041305
Shorty,Leguide#6041305
Slip,Leguide#6041305
T-Body,Leguide#6041309
Legging  ,Leguide#10000749
Legging femme enceinte,Leguide#6012200
Bas,Leguide#6041201
Gants – Mitaines,Leguide#6050500
Niples Covers – Caches Tétons,Leguide#3091402
"Tenue sexy, Déguisement adulte",Leguide#10000435
Seins et Soutien Gorge,Leguide#6050000
,Leguide#6012700
Sextoys Luxe et Design,Leguide#3091401
Osez les boules de geisha,Leguide#3091400
Vibro,Leguide#3091401
Baume,Leguide#3091400
Huille,Leguide#3091400
Coffret Plaisir,Leguide#3091400
Coffret Massage,Leguide#6080413
Bougie,Leguide#6080413
Parfum,Leguide#6080904
Lubrifiant,Leguide#3091403
Gel,Leguide#3091400
Poudre,Leguide#3091400
Toilette Intimes,Leguide#6080504
Spécial anal,Leguide#3091400
Spécial seins,Leguide#3091400
SM et Bondage Chic,Leguide#3091400
Men Toys,Leguide#3091401
Aphrodisiaque,Leguide#10000541
Plaisir Anal,Leguide#3091400
Bijoux intimes,Leguide#3091400
Coffrets Jeux – Plaisir,Leguide#3091402
Accessoires Sexy,Leguide#3091402