"Maillot de bain, Bikini",Femme>Vêtements>Maillot de bain Femme>Bikini Femme
Monokini,Femme>Vêtements>Maillot de bain Femme>1 Pièce Femme
Robe de plage – Paréo,Femme>Vêtements>Maillot de bain Femme>Robe de plage Femme
Drap de plage,Déco & Maison>Linge de Maison>Linge de toilette>drap de plage
Maillot de bain string,Femme>Vêtements>Maillot de bain Femme>Bikini Femme
Robe et tenue libertine,Femme>Vêtements>Robe Femme
Robe Clubwear,Femme>Vêtements>Robe Femme
Robe de soirée et coktail,Femme>Vêtements>Robe Femme>Robe de soirée Femme
Robe Fétichiste,Femme>Vêtements>Robe Femme
Masques et loups,Femme > Accessoires
Tenue fétichiste,Femme>Vêtements
Gogo Danseuse,Femme>Vêtements>Robe Femme
Robe d'été,Femme>Vêtements>Robe Femme
Boxer Homme,Homme>Vêtement Homme>Sous-vêtement Homme>Boxer Homme
Ensemble Lingerie,Femme>Vêtements Femme>Lingerie Femme>Lingerie sexy Femme>Ensemble sexy Femme
Nuisette - Babydoll,Femme>Vêtements Femme>Lingerie Femme>Lingerie sexy Femme >Nuisette sexy Femme
Osez la guêpière,Femme>Vêtement>Femme Lingerie Femme>Soutien-gorge Femme>guêpière 
Osez le Body,"Femme>Vêtements Femme>Lingerie Femme>Haut, Body Femme>Body Femme"
Osez le Bodystocking - Combinaison,Femme>Vêtements Femme>Lingerie Femme>Lingerie sexy Femme
Osez le corset,"Femme>Vêtements Femme>Lingerie Femme>Haut, Body Femme>corset"
Top Débardeur Shorty PAP,"Vêtements Femme>Lingerie Femme>Haut, Body Femme>Caraco Femme"
Legging femme enceinte,Femme>Vêtements Femme>Femme enceinte>Vêtement Grossesse>Legging Grossesse
String Homme,Homme>Vêtement Homme>Sous-vêtement Homme
Brief,Homme>Vêtement Homme>Sous-vêtement Homme
String - Culotte - Tanga - Shorty,"Femme>Vêtements Femme>Lingerie Femme>Lingerie sexy Femme>Culotte, String sexy Femme"
Legging  ,Femme>Vêtements Femme>Legging Femme
EMPTY,Femme>Vêtements Femme>Lingerie Femme>Lingerie sexy Femme
